<?xml version="1.0" encoding="UTF-8" ?>
<!DOCTYPE mapper
        PUBLIC "-//mybatis.org//DTD Mapper 3.0//EN"
        "http://mybatis.org/dtd/mybatis-3-mapper.dtd">
<mapper namespace="org.sang.comment.mapper.AdminMapper">
    <insert id="addAdmin" parameterType="org.sang.comment.entity.User" useGeneratedKeys="true" keyProperty="id">
      INSERT INTO USER(username,workNum,name,phone,deptNo,createUser,fixedlinetelephone,email,password,createDate) VALUES(#{username},#{workNum},#{name},#{phone},#{deptNo},#{createUser},#{fixedlinetelephone},#{email},'$2a$10$RMuFXGQ5AtH4wOvkUqyvuecpqUSeoxZYqilXzbz50dceRsga.WYiq',now())</insert>
    <select id="listUserInfo" resultType="org.sang.comment.entity.User">
        select * from user where 1=1
        <if test="username!=null and username != ''">
            AND username LIKE CONCAT('%',#{username},'%')
        </if>
        <if test="workNum!=null and workNum != '' ">
            AND workNum LIKE CONCAT('%',#{workNum},'%')
        </if>
        <if test="deptName !='请选择' and deptName!=null and deptName!='' ">
            AND deptName = #{deptName}
        </if>
        <if test="createUser !='请选择' and createUser!=null and createUser!='' ">
            AND createUser = #{createUser}
        </if>
        <if test="page != -1">
            limit #{page},2
        </if>
    </select>
    <delete id="deleteAdmin" parameterType="int">
                   DELETE  FROM `user` WHERE id=#{id}
    </delete>
    <select id="selectAdmin" parameterType="int" resultType="org.sang.comment.entity.User">
        select * from user where id=#{id}
    </select>
    <update id="updateAdmin" parameterType="org.sang.comment.entity.User">
        update user
        <trim prefix="set" suffixOverrides=",">
            <if test="name!=null">name=#{name},</if>
            <if test="username!=null">username=#{username},</if>
            <if test="workNum!=null">workNum=#{workNum},</if>
            <if test="phone!=null">phone=#{phone},</if>
            <if test="deptNo!=null">deptNo=#{deptNo},</if>
            <if test="createUser!=null">createUser=#{createUser},</if>
            <if test="fixedlinetelephone!=null">fixedlinetelephone=#{fixedlinetelephone},</if>
            <if test="email!=null">email=#{email},</if>
        </trim>
        WHERE id=#{id}
    </update>

    <select id="getCount" resultType="int">
        select count(1) from user
    </select>
</mapper>
