<?xml version="1.0" encoding="UTF-8" ?>
<!DOCTYPE mapper
        PUBLIC "-//mybatis.org//DTD Mapper 3.0//EN"
        "http://mybatis.org/dtd/mybatis-3-mapper.dtd">
<mapper namespace="org.sang.comment.mapper.CharacterMapper">
    <insert id="addCharacter" parameterType="org.sang.comment.entity.Character" useGeneratedKeys="true" keyProperty="id">
      INSERT INTO `character`(name,createDate,`desc`) VALUES(#{name},now(),#{desc})</insert>
    <select id="characterList" resultType="org.sang.comment.entity.Character">
      SELECT * FROM `character`
   </select>
    <delete id="deleteCharacter" parameterType="int">
                   DELETE  FROM `character` WHERE id=#{id}
    </delete>
    <select id="selectCharacter" parameterType="int" resultType="org.sang.comment.entity.Character">
        select * from `character` where id=#{id}
    </select>
    <update id="updateCharacter" parameterType="org.sang.comment.entity.Character">
        update `character`
        <trim prefix="set" suffixOverrides=",">
            <if test="name!=null">name=#{name},</if>
            <if test="desc!=null">`desc`=#{desc},</if>
        </trim>
        WHERE id=#{id}
    </update>
</mapper>