<?xml version="1.0" encoding="UTF-8" ?>
<!DOCTYPE mapper
        PUBLIC "-//mybatis.org//DTD Mapper 3.0//EN"
        "http://mybatis.org/dtd/mybatis-3-mapper.dtd">
<mapper namespace="org.sang.comment.mapper.DepartMentMapper">
    <insert id="addDepartment" parameterType="org.sang.comment.entity.Department" useGeneratedKeys="true"
            keyProperty="id">
      INSERT INTO `department`(name,`parentId`,createDate) VALUES(#{name},#{parentId},now())</insert>
    <select id="departmentList" resultType="org.sang.comment.entity.Department">
      SELECT * FROM department
   </select>
    <delete id="deleteDepartment" parameterType="int">
                   DELETE  FROM `department` WHERE id=#{id}
    </delete>
    <select id="selectDepartment" parameterType="int" resultType="org.sang.comment.entity.Department">
        select * from `department` where id=#{id}
    </select>
    <update id="updateDepartment" parameterType="org.sang.comment.entity.Department">
        update `department`
        <trim prefix="set" suffixOverrides=",">
            <if test="name!=null">name=#{name},</if>
            <if test="parentId!=null">`parentId`=#{parentId},</if>
        </trim>
        WHERE id=#{id}
    </update>
</mapper>