<?xml version="1.0" encoding="UTF-8"?>
<!DOCTYPE mapper
        PUBLIC "-//mybatis.org//DTD Mapper 3.0//EN"
        "http://mybatis.org/dtd/mybatis-3-mapper.dtd">
<mapper namespace="org.sang.comment.mapper.PermissionMapper">
    <resultMap id="BaseResultMap" type="org.sang.comment.entity.Permission">
        <id property="id" column="id"/>
        <id property="name" column="name"/>
        <id property="parentId" column="parentId"/>
        <id property="pattern" column="url"/>
        <collection property="roles" ofType="org.sang.comment.entity.Role">
            <id property="id" column="rid"/>
            <result property="rolename" column="rname"/>
            <result property="nameZh" column="rnameZh"/>
            <result property="time" column="time"/>
            <result property="remarks" column="remarks"/>
        </collection>
    </resultMap>
    <select id="getAllPermission" resultMap="BaseResultMap">
       SELECT m.*,r.id AS rid,r.rolename AS rname,r.nameZh AS rnameZh,r.`time`
       AS `time`,r.`remarks` AS remarks FROM menu m LEFT
        JOIN role_menu mr ON m.id=mr.menuid LEFT JOIN role r ON mr.roleid=r.id
   </select>

    <select id="getListPermission" resultType="org.sang.comment.entity.Permission">
        SELECT id,`name`,code,(SELECT NAME FROM menu WHERE id = m1.`parentId`) parentName,url,createtime
        FROM menu m1
        where 1=1
        <if test="code!=null and code != ''">
            AND code LIKE CONCAT('%',#{code},'%')
        </if>
        <if test="name!=null and name != ''">
            AND name LIKE CONCAT('%',#{name},'%')
        </if>
        <if test="page != -1">
            limit #{page},5
        </if>
    </select>

    <select id="getPermission" resultType="org.sang.comment.entity.Permission">
        SELECT * FROM menu
    </select>

    <insert id="addPermission">
        insert INTO menu_role(mid,rid)
        values (#{mid},#{rid});
    </insert>
    <select id="getCount" resultType="int">
        select count(1) from menu
    </select>

  <!--  <select id="getDelPermission" resultType="org.sang.comment.entity.Permission">
        SELECT m.`name` `name`,m.`id` id,rm.`id` emId
        FROM `role_menu` rm,`menu` m
        WHERE rm.`menuId`= m.`id` AND rm.`roleId` = #{roleId}
    </select>

    <delete id="delPermission">
        delete from role_menu where id = #{rmid}
    </delete>-->
</mapper>

